state_name,city_code,city_name
CH,1,"CHANDIGARH, CH"
CG,4,"RAIPUR, CG"
CG,5,"DHAMTARI, CG"
CG,6,"MAHASAMUND, CG"
CG,7,"DURG, CG"
CG,8,"RAJNANDGAON, CG"
CG,9,"KABIRDHAM, CG"
CG,10,"BILASHPUR, CG"
CG,11,"JANGIR_CHAMPA, CG"
CG,12,"KORBA, CG"
CG,13,"RAIGARH, CG"
CG,14,"JASHPUR, CG"
CG,15,"AMBIKAPUR, CG"
CG,16,"BAIKUNTHPUR, CG"
CG,17,"JAGDALPUR, CG"
CG,18,"DANTEWADA, CG"
CG,19,"KANKER, CG"
CG,22,"BALODABAZAR, CG"
CG,23,"GARIYABAND, CG"
CG,24,"BALOD, CG"
CG,25,"BEMETARA, CG"
CG,26,"SUKMA, CG"
CG,27,"KONDAGAON, CG"
CG,28,"MUNGELI, CG"
CG,29,"SURAJPUR, CG"
CG,30,"BALRAMPUR, CG"
DN,9," SILVASSA, DNH UT, DN"
DD,2,"DIU, DD"
DD,3,"DAMAN, DD"
KA,1,"KORAMANGALA, KA"
KA,2,"BANGALORE, KA"
KA,3,"BANGALORE, KA"
KA,4,"BANGALORE, KA"
KA,5,"BANGALORE, KA"
KA,6,"TUMKUR, KA"
KA,7,"KOLAR, KA"
KA,8,"CORMONDAL, KA"
KA,9,"MYSORE, KA"
KA,10,"CHAMARAJ NAGAR, KA"
KA,11,"MANDYA, KA"
KA,12,"MADEIKERI, KA"
KA,13,"HASSAN, KA"
KA,14,"SHIMOGA, KA"
KA,15,"SAGAR, KA"
KA,16,"CHITRADURGA, KA"
KA,17,"DAVANAGERE, KA"
KA,18,"CHICKMAGALUR, KA"
KA,19,"MANGALORE., KA"
KA,20,"UDUPI, KA"
KA,21,"PUTTUR, KA"
KA,22,"BELGAUM, KA"
KA,23,"CHIKKODI, KA"
KA,24,"BAILAHONGALA, KA"
KA,25,"DHARWAD, KA"
KA,26,"GADAG, KA"
KA,27,"HAVERI, KA"
KA,28,"BIJAPUR, KA"
KA,29,"BAGALKOT, KA"
KA,30,"KARWAR, KA"
KA,31,"SIRSI, KA"
KA,32,"GULBARGA, KA"
KA,33,"YADAGIRI, KA"
KA,34,"BELLARY, KA"
KA,35,"HOSPET, KA"
KA,36,"RAICHUR, KA"
KA,37,"KOPPAL, KA"
KA,38,"BIDAR, KA"
KA,39,"BHALKI, KA"
KA,40,"CHIKKABALLAPURA, KA"
KA,41,"BANGALORE, KA"
KA,42,"RAMANAGARA, KA"
KA,43,"DEVENAHALLI, KA"
KA,44,"TIPTUR, KA"
KA,45,"HUNSUR, KA"
KA,46,"SAKALESHPURA, KA"
KA,47,"HONNAVARA, KA"
KA,48,"JAMAKHANDI, KA"
KA,49,"GOKAK, KA"
KA,50,"YELAHANKA, KA"
KA,51,"CHENNAKESHAVANAGAR, KA"
KA,52,"NELAMANGALA, KA"
KA,53," K.R.PURAM, KA"
KA,54,"NAGAMANGALA, KA"
KA,55,"MYSORE, KA"
KA,56," BASAVAKALYAN, KA"
KA,64,"AMADHUGIRI, KA"
KA,65,"ADANDELI, KA"
KA,66,"ATARIKERE,CHICKMAGALUR DISTRICT, KARNATAKA., KA"
KL,1,"THIRUVANANTHAPURAM, KL"
KL,2,"KOLLAM, KL"
KL,3,"PATHANAMTHITTA, KL"
KL,4,"ALAPPUZHA, KL"
KL,5,"KOTTAYAM, KL"
KL,6,"IDUKKI, KL"
KL,7,"ERNAKULAM, KL"
KL,8,"THRISSUR, KL"
KL,9,"PALAKKAD, KL"
KL,10,"MALAPPURAM, KL"
KL,11,"KOZHIKODE, KL"
KL,12,"WAYANAD, KL"
KL,13,"KANNUR, KL"
KL,14,"KASARAGOD, KL"
KL,15,"RTO-NATIONAL SECTOR, KL"
KL,16,"ATTINGAL, KL"
KL,17,"MUVATTUPUZHA, KL"
KL,18,"VADAKARA, KL"
KL,19,"SPARASSALA, KL"
KL,20,"SNEYYATTINKARA, KL"
KL,21,"SNEDUMANGAD, KL"
KL,22,"SKAZHAKUTTOM, KL"
KL,23,"SKARUNAGAPPALLY, KL"
KL,24,"SKOTTAKKARA, KL"
KL,25,"SPUNALUR, KL"
KL,26,"SADOOR, KL"
KL,27,"STHIRUVALLA, KL"
KL,28,"SMALLAPPALLY, KL"
KL,29,"SKAYAMKULAM, KL"
KL,30,"SCHENGANNUR, KL"
KL,31,"SMAVELIKKARA, KL"
KL,32,"SCHERTHALA, KL"
KL,33,"SCHANGANACHERRY, KL"
KL,34,"SKANJIRAPPALLY, KL"
KL,35,"SPALA, KL"
KL,36,"SVAIKKOM, KL"
KL,37,"SVANDIPERIYAR, KL"
KL,38,"STHODUPUZHA, KL"
KL,39,"STRIPUNITHURA, KL"
KL,40,"SPERUMBAVOOR, KL"
KL,41,"SALUVA, KL"
KL,42,"SNORTH PARAVOOR, KL"
KL,43,"SMATTANCHERRY, KL"
KL,44,"SKOTHAMANGALAM, KL"
KL,45,"SIRANJALAKKUDA, KL"
KL,46,"SGURUVAYOOR, KL"
KL,47,"SKODUNGALLUR, KL"
KL,48,"SVADAKKANCHERRY, KL"
KL,49,"SALATHUR, KL"
KL,50,"SMANNARKKAD, KL"
KL,51,"SOTTAPPALAM, KL"
KL,52,"SPATTAMBI, KL"
KL,53,"SPERINTHALMANNA, KL"
KL,54,"SPONNANI, KL"
KL,55,"STIRUR, KL"
KL,56,"SKOYILANDY, KL"
KL,57,"SKODUVALLY, KL"
KL,58,"STHALASSERY, KL"
KL,59,"STHALIPARAMBA, KL"
KL,60,"SKANHANGAD, KL"
KL,61,"S KUNNATHUR, KL"
KL,62,"S RANNI, KL"
KL,63,"S ANGAMALI, KL"
KL,64,"S CHALAKKUDY, KL"
KL,65,"S THIRURANGADI, KL"
AN,1,"O/O THE LICENSING AUTHORITY,PORT BLAIR, AN"
AP,102," HINDUPUR, AP"
AP,103," TIRUPATI, AP"
AP,104," BADVEL, AP"
AP,105," RAJAHMUNDRY, AP"
AP,107," NARASARAOPET, AP"
AP,116," GUDIWADA, AP"
AP,121," NANDYAL, AP"
AP,126," ATMAKUR, AP"
AP,127," CHIRALA, AP"
AP,130," ITCHAPURAM, AP"
AP,131," ANAKAPALLI, AP"
AP,135," PARVATHIPURAM, AP"
AP,137," BHIMAVARAM, AP"
AP,202," GUNTAKAL, AP"
AP,203," MADANAPALLE, AP"
AP,204," PRODDUTUR, AP"
AP,205," AMALAPURAM, AP"
AP,207," BAPATLA, AP"
AP,216," MACHILIPATNAM, AP"
AP,221," ADONI, AP"
AP,226," GUDUR, AP"
AP,227," KANDUKUR, AP"
AP,230," PALAKONDA, AP"
AP,231," GAJUWAKA, AP"
AP,235," SALUR, AP"
AP,237," JANGAREDDY GUDEM, AP"
AP,302," KADIRI, AP"
AP,303," PALAMANER, AP"
AP,304," PULIVENDULA, AP"
AP,305," KATHIPUDI, AP"
AP,307,"MVI CHILAKALURIPETA, AP"
AP,316," NANDIGAMA, AP"
AP,321," ATMAKUR-KURNOOL, AP"
AP,326," KAVALI, AP"
AP,327," MARKAPUR, AP"
AP,330," PALASA, AP"
AP,331," NARSIPATNAM, AP"
AP,337," KOVVURU, AP"
AP,402," TADIPATRI, AP"
AP,403," PILER, AP"
AP,404," RAJAMPET, AP"
AP,405," MANDAPETA, AP"
AP,407, MACHE AP
AP,416," NUZVID, AP"
AP,421," DHONE, AP"
AP,426," SULLURPET, AP"
AP,427," DARSI, AP"
AP,430," TEKKALI, AP"
AP,437," TADEPALLI GUDEM, AP"
AP,503," PUTTUR, AP"
AP,504," RAYACHOTI, AP"
AP,505," PEDDAPURAM, AP"
AP,507," MANGALAGIRI, AP"
AP,516," VUYYURU, AP"
AP,537," TANUKU, AP"
AP,603," SRIKALAHASTHI, AP"
AP,607," PIDUGURALLA, AP"
AP,616," JAGGAYYAPET, AP"
AP,637," PALAKOLE, AP"
AP,705," RAVULAPALEM, AP"
AP,707," TENALI, AP"
AP,905," CHINTOOR, AP"
AR,1," ITANAGAR, AR"
AR,3,"TAWANG, AR"
AR,4,"BOMDILA, AR"
AR,5,"SEPPA, AR"
AR,6,"ZIRO, AR"
AR,7,"DAPORIJO, AR"
AR,8,"ALONG, AR"
AR,9,"PASIGHAT, AR"
AR,10,"DTO ANINI, AR"
AR,11,"TEZU, AR"
AR,12,"CHANGLANG, AR"
AR,13,"KHONSA, AR"
AR,14,"DTO YINGKIONG, AR"
AR,15,"DTO KOLORIANG, AR"
AR,16,"ROING, AR"
AR,17," HAWAI, AR"
AS,1,"KAMRUP, AS"
AS,2,"NAGAON, AS"
AS,3,"JORHAT, AS"
AS,4,"SIVSAGAR, AS"
AS,5,"GOLAGHAT, AS"
AS,6,"DIBRUGARH, AS"
AS,7,"LAKHIMPUR, AS"
AS,8,"N.C HILLS, AS"
AS,9,"KARBI ANGLOG, AS"
AS,10,"KARIMGANJ, AS"
AS,11,"SILCHAR, AS"
AS,12,"SONITPUR, AS"
AS,13,"DARRANG, AS"
AS,14,"NALBARI, AS"
AS,15,"BARPETA, AS"
AS,16,"KOKRAJHAR, AS"
AS,17,"DHUBRI, AS"
AS,18,"GOALPARA, AS"
AS,19,"BONGAIGAON, AS"
AS,21,"MORIGAON, AS"
AS,22,"DHEMAJI, AS"
AS,23,"TINSUKIA, AS"
AS,24,"HAILAKANDI, AS"
AS,25," KAMRUP RURAL, AS"
AS,26,"CHIRANG, AS"
AS,27,"UDALGURI, AS"
AS,28,"BAKSA, AS"
BR,1," PATNA, BR"
BR,2," GAYA, BR"
BR,3," BHOJPUR, BR"
BR,4," CHAPARA, BR"
BR,5," MOTIHARI, BR"
BR,6," MUZAFFARPUR, BR"
BR,7," DARBHANGA, BR"
BR,8," MUNGER, BR"
BR,9," BEGUSARAI, BR"
BR,10," BHAGALPUR, BR"
BR,11," PURNEA, BR"
BR,19," SAHARSA, BR"
BR,21," NALANDA, BR"
BR,22," BETTIAH, BR"
BR,24," ROHTAS, BR"
BR,25," JEHANABAD, BR"
BR,26," AURANGABAD, BR"
BR,27," NAWADAH, BR"
BR,28," GOPALGANJ, BR"
BR,29," SIWAN, BR"
BR,30," SITAMARHI, BR"
OD,1,"BALASORE, OD"
OD,2,"BHUBANESWAR, OD"
OD,3,"BOLANGIR, OD"
OD,4,"CHANDIKHOL, OD"
OD,5,"CUTTACK, OD"
OD,6,"DHENKANAL, OD"
OD,7,"GANJAM, OD"
OD,8,"KALAHANDI, OD"
OD,9,"KEONJHAR, OD"
OD,10,"KORAPUT, OD"
OD,11,"MAYURBHANJ, OD"
OD,11R,"RAIRANGPUR, OD"
OD,12,"PHULBANI, OD"
OD,13,"PURI, OD"
OD,14,"ROURKELA, OD"
OD,15,"SAMBALPUR, OD"
OD,16,"SUNDERGARH, OD"
OD,17,"BARAGARH, OD"
OD,18,"RAYAGADA, OD"
OD,19,"ANGUL, OD"
OD,20,"GAJAPATI, OD"
OD,21,"JAGATSINGHPUR, OD"
OD,22,"BHADRAK, OD"
OD,23,"JHARSUGUDA, OD"
OD,24,"NAWARANGPUR, OD"
OD,25,"NAYAGARH, OD"
OD,26,"NUAPADA, OD"
OD,27,"BOUDH, OD"
OD,28,"DEOGARH, OD"
OD,29,"KENDRAPARA, OD"
OD,30,"MALKANGIRI, OD"
OD,31,"SUBARNAPUR, OD"
OD,32,"BHANJANAGAR, OD"
OD,33,"BHUBANESWAR-II, OD"
OD,34,"JAJPUR, OD"
OD,35,"TALCHER, OD"
OD,99,"BHUBANESWAR, OD"
PY,1,"PUDUCHERRY, PY"
PY,2,"KARAIKAL, PY"
PY,3," MAHE, PY"
PY,4," YANAM, PY"
PY,5,"OULGARET, PY"
PB,1,"STA,PUNJAB, PB"
PB,2,"AMRITSAR, PB"
PB,3,"BATHINDA, PB"
PB,4,"FARIDKOT, PB"
PB,5,"FEROZEPUR, PB"
PB,6,"GURDASPUR, PB"
PB,7,"HOSHIARPUR, PB"
PB,8,"JALANDHAR, PB"
PB,9,"KAPURTHALA, PB"
PB,10,"LUDHIANA, PB"
PB,11,"PATIALA, PB"
PB,12,"ROPAR, PB"
PB,13,"SANGRUR, PB"
PB,14,"AJNALA, PB"
PB,15,"ABOHAR, PB"
PB,16,"ANANDPUR SAHIB, PB"
PB,17,"BABA BAKALA, PB"
PB,18,"BATALA, PB"
PB,19,"BARNALA, PB"
PB,20,"BALACHAUR, PB"
PB,21,"DASUYA, PB"
PB,22,"FAZILKA, PB"
PB,23,"FATEHGARH SAHIB, PB"
PB,24,"GARHSHANKAR, PB"
PB,25,"JAGRAON, PB"
PB,26,"KHANNA, PB"
PB,27,"KHARAR, PB"
PB,28,"MALERKOTLA, PB"
PB,29,"MOGA, PB"
PB,30,"MUKTSAR, PB"
PB,31,"MANSA, PB"
PB,32,"NAWANSHAHAR, PB"
PB,33,"NAKODAR, PB"
PB,34,"NABHA, PB"
PB,35,"PATHANKOT, PB"
PB,36,"PHAGWARA, PB"
PB,37,"PHILLAUR, PB"
PB,38," PATTI, PB"
PB,39,"RAJPURA, PB"
PB,40,"RAMPURA PHUL, PB"
PB,41,"SULTANPUR LODHI, PB"
PB,42,"SAMANA, PB"
PB,43,"SAMRALA, PB"
PB,44,"SUNAM, PB"
PB,45,"TALWANDI SABO, PB"
PB,46,"TARAN TARAN, PB"
PB,47,"ZIRA, PB"
PB,48,"AMLOH, PB"
PB,49,"KHAMAO, PB"
PB,50,"BUDHLADA, PB"
PB,51,"SARDULGARH, PB"
PB,52,"BASSI, PB"
PB,53,"MALOUT, PB"
PB,54,"MUKERIAN, PB"
PB,55,"PAYAL, PB"
PB,56,"RAIKOT, PB"
PB,57,"BHOLATH, PB"
PB,58,"DERA BABA NANAK, PB"
PB,59,"DHURI, PB"
PB,60,"GIDDERBAHA, PB"
PB,61,"JALALABAD, PB"
PB,62,"JAITU, PB"
PB,63,"KHADOOR SAHIB, PB"
PB,64,"MOONAK, PB"
PB,65,"SASNAGAR, PB"
PB,66,"NIHAL SINGH WALA, PB"
PB,67,"SHAHKOT, PB"
PB,68,"DHAR KALAN, PB"
PB,69,"BAGHAPURANA, PB"
PB,70,"DERABASSI, PB"
PB,71,"CHAMKAUR SAHIB, PB"
PB,72,"PATRAN, PB"
PB,73,"TAPA, PB"
PB,74,"NANGAL, PB"
RJ,1," AJMER, RJ"
RJ,2," ALWAR, RJ"
RJ,3," BANSWARA, RJ"
RJ,4," BARMER, RJ"
RJ,5," BHARATPUR, RJ"
RJ,6," BHILWARA, RJ"
RJ,7," BIKANER, RJ"
RJ,8," BUNDI, RJ"
RJ,9," CHITTORGARH, RJ"
RJ,10," CHURU, RJ"
RJ,10A,"RAJGARH, RJ"
RJ,11," DHOLPUR, RJ"
RJ,12," DUNGARPUR, RJ"
RJ,13," SRI-GANGANAGAR, RJ"
RJ,13A,"SURATGARH, RJ"
RJ,14," JAIPUR, RJ"
RJ,15," JAISALMER, RJ"
RJ,15A,"POKRAN, RJ"
RJ,16," JALORE, RJ"
RJ,16B,"SANCHOR, RJ"
RJ,17," JHALAWAR, RJ"
RJ,18," JHUNJHUNU, RJ"
RJ,18A,"KHETRI, RJ"
RJ,19," JODHPUR, RJ"
RJ,19A,"PIPAD CITY, RJ"
RJ,19B,"FALODI, RJ"
RJ,20," KOTA, RJ"
RJ,21," NAGAUR, RJ"
RJ,21A,"MAKRANA, RJ"
RJ,21B,"MEDTACITY, RJ"
RJ,22," PALI, RJ"
RJ,22A,"SUMERPUR, RJ"
RJ,22B,"SOJAT, RJ"
RJ,23," SIKAR, RJ"
RJ,23A,"RINGUS, RJ"
RJ,23B,"NEEMKATHANA, RJ"
RJ,24," SIROHI, RJ"
RJ,25," SWAIMADHOPUR, RJ"
BR,31," VAISHALI, BR"
BR,32," MADHUBANI, BR"
BR,33," SAMASTIPUR, BR"
BR,34," KHAGARIA, BR"
BR,37," KISHANGANJ, BR"
BR,38," ARAREA, BR"
BR,39," KATIHAR, BR"
BR,43," MADHEPURA, BR"
BR,44," BUXUR, BR"
BR,45," BHABHUA, BR"
BR,46," JAUMUI, BR"
BR,50," SUPAUL, BR"
BR,51," BANKA, BR"
BR,52," SHEIKHPURA, BR"
BR,53," LAKHISARAI, BR"
BR,55," SHEOHAR, BR"
BR,56," ARAWAL, BR"
RJ,25A,"GANGAPURCITY, RJ"
RJ,26," TONK, RJ"
RJ,26A,"NIWAI, RJ"
RJ,26B,"UNIARA, RJ"
RJ,27," UDAIPUR, RJ"
RJ,27A,"SALUMBAR, RJ"
RJ,28," BARAN, RJ"
RJ,29," DAUSA, RJ"
RJ,30," RAJSAMAND, RJ"
RJ,30A,"NATHDWARA, RJ"
RJ,30B,"BHIM, RJ"
RJ,31," HANUMANGARH, RJ"
RJ,32," KOTPUTALI, RJ"
RJ,33," RAMGANJMANDI, RJ"
RJ,34," KAROLI, RJ"
RJ,34A,"HINDON, RJ"
RJ,35," PRATAPGARH, RJ"
RJ,36," BEAWAR, RJ"
RJ,37," DIDWANA, RJ"
RJ,37A,"NAVA, RJ"
RJ,38," ABU ROAD, RJ"
RJ,39," BALOTRA, RJ"
RJ,40," BHIWADI, RJ"
RJ,41," CHOMU, RJ"
RJ,42," KISHANGARH, RJ"
RJ,43," FALODI, RJ"
RJ,44," SUJANGARH, RJ"
RJ,45," JAIPUR, RJ"
RJ,46," BHINMAL, RJ"
RJ,47," DUDU, RJ"
RJ,48," KEKRI, RJ"
RJ,49," NOHAR, RJ"
RJ,50," NOKHA, RJ"
RJ,51," SHAHPURA, BHILWARA, RJ"
RJ,52," SHAHPURA, JAIPUR, RJ"
SK,1,"EAST SIKKIM, SK"
SK,2,"WEST SIKKIM, SK"
SK,3,"NORTH SIKKIM, SK"
SK,4,"SOUTH SIKKIM, SK"
TN,1,"CHENNAI , TN"
TN,2,"CHENNAI,, TN"
TN,3,"CHENNAI,, TN"
TN,4,"CHENNAI,, TN"
TN,5,"CHENNAI, TN"
TN,6,"CHENNAI, TN"
TN,7,"CHENNAI,, TN"
TN,9,"CHENNAI,, TN"
TN,10,"CHENNAI, TN"
TN,11,"OFFICE,TAMBARAM,, TN"
TN,12," POONAMALEE,, TN"
TN,13," AMBATTUR, TN"
TN,14,"SHOLINGANALLUR,, TN"
TN,15,"ULUNDURPET,, TN"
TN,15Z,"KALLAKURICHI, TN"
TN,16,"OFFICE,TINDIVANAM,, TN"
TN,16Z," , GINGEE, TN"
TN,18,"REDHILLS, TN"
TN,18Y,", GUMIDIPOONDI, TN"
TN,19," CHENGALPATTU, TN"
TN,19Z,", MADURANTAGAM,, TN"
TN,20,"THIRUVALLUR, TN"
TN,20X,", TIRUTHANI, TN"
TN,21," KANCHEEPURAM, TN"
TN,21W,"SRIPERUMBUDUR, TN"
TN,22," MEENAMBAKKAM, TN"
TN,23," VELLORE, TN"
TN,23T,",GUDIYATHAM,, TN"
TN,24," KRISHNAGIRI, TN"
TN,25," TIRUVANAMALAI, TN"
TN,25Y," , CHEYYAR      , TN"
TN,25Z,", ARANI,, TN"
TN,28," NAMAKKAL, TN"
TN,28Z,",RASIPURAM,, TN"
TN,29," DHARMAPURI, TN"
TN,29T,",HARUR,, TN"
TN,29W,"PALACODE, TN"
TN,30," (SALEM -WEST), TN"
TN,30W,",OMALUR,, TN"
TN,31," CUDALORE, TN"
TN,31Z," PANRUTI, TN"
TN,32,"VILLUPURAM, TN"
TN,33,"ERODE, TN"
TN,34," TIRUCHENCODE, TN"
TN,36," COBICHETTIPALAYAM, TN"
TN,36W,",BHAVANI,, TN"
TN,36Z,",SATHIAMANGALAM,, TN"
TN,37," COIMBATORE, TN"
TN,37Z,"SULUR, TN"
TN,38,"COIMBATORE, TN"
TN,39," TIRUPUR, TN"
TN,39Z,"AVINASHI, TN"
TN,40," METTUPALAYAM, TN"
TN,41," POLLACHI, TN"
TN,41W,", VALPARAI, TN"
TN,42," TIRUPUR, TN"
TN,42Y,"KANGAYAM, TN"
TN,43," OOTY, TN"
TN,43Z,", GUDALUR,, TN"
TN,45,"TIRUCHIRAPPALLI, TN"
TN,45Z,", MANAPARAI,, TN"
TN,46," PERAMBALUR, TN"
TN,47," KARUR, TN"
TN,47Y,", ARAVAKURICHI, TN"
TN,47Z,", KULITHALAI,, TN"
TN,48," SRIRANGAM, TN"
TN,48X,", LALKUDI, TN"
TN,48Y,"MUSURI, TN"
TN,48Z,", THURAIYUR,, TN"
TN,49,"TANJAVUR, TN"
TN,49Y,", PATTUKOTTAI, TN"
TN,50," TIRUVARUR, TN"
TN,50Z,", MANNARKUDI,, TN"
TN,51," NAGAPATTINAM, TN"
TN,52," SANGAGIRI, TN"
TN,52Z,", METTUR,, TN"
TN,54,"SALEM, TN"
TN,55," PUDUKOTTAI, TN"
TN,55Y,", ILLUPPUR, TN"
TN,55Z,", ARANTHANGI,, TN"
TN,56," PERUNDURAI, TN"
TN,57," DINDIGUL, TN"
TN,57R,", ODDANCHATRAM, TN"
TN,57V,"VEDASANDUR, TN"
TN,57W,"BATLAGUNDU, TN"
TN,57Z,", PALANI,, TN"
TN,58," MADURAI, TN"
DL,1,Delhi
DL,10,Delhi
DL,11,Delhi
DL,12,Delhi
DL,13,Delhi
DL,2,Delhi
DL,3,Delhi
DL,4,Delhi
DL,5,Delhi
DL,6,Delhi
DL,7,Delhi
DL,8,Delhi
DL,9,Delhi
GA,3,"MAPUSA, GA"
GA,4,"BICHOLIM, GA"
GA,5,"PONDA, GA"
GA,6,"VASCO, GA"
GA,7,"PANAJI, GA"
GA,8,"MARGAO, GA"
GA,9,"QUEPEM, GA"
GA,10,"CANACONA, GA"
GA,11,"PERNEM, GA"
GA,12,"DHARBANDORA, GA"
GJ,1,"AHMEDABAD, GJ"
GJ,2,"PALAVASANA, GJ"
GJ,3,"PORBANDAR HIGHWAY, GJ"
GJ,4,"BHAVNAGAR, GJ"
GJ,5,"SURAT, GJ"
GJ,6,"VADODARA, GJ"
GJ,7,"NADIAD, GJ"
GJ,8,"BANASKANTHA, GJ"
GJ,9,"SABARKANTHA, GJ"
GJ,10,"JAMNAGAR, GJ"
GJ,11,"JUNAGADH, GJ"
GJ,12,"BHUJ-KACHCHH, GJ"
GJ,13,"SURENDRANGAR, GJ"
GJ,14,"AMRELI, GJ"
GJ,15,"VALSAD, GJ"
GJ,16,"BHARUCH, GJ"
GJ,17,"GODHRA, GJ"
GJ,18,"GANDHINAGAR, GJ"
GJ,19,"BARDOLI, GJ"
GJ,20,"DAHOD, GJ"
GJ,21,"NAVSARI, GJ"
GJ,22,"NARMADA, GJ"
GJ,23,"ANAND, GJ"
GJ,24,"PATAN, GJ"
GJ,25,"PORBANDAR, GJ"
GJ,26,"VYARA, GJ"
GJ,27,"AHMEDABAD(EAST), GJ"
GJ,30,"AAHWA, GJ"
GJ,31,"ARVALLI (MODASA), GJ"
GJ,32,"GIRSOMNATH (VERAVAL), GJ"
GJ,33,"BOTAD, GJ"
GJ,34,"CHHOTAUDAIPUR, GJ"
GJ,35,"MAHISAGAR (LUNAVADA), GJ"
GJ,36,"MORBI, GJ"
GJ,37,"DWARKA, GJ"
GJ,38,"AHMEDABAD, GJ"
HR,1," AMBALA, HR"
HR,2," JAGADHARI, HR"
HR,3," PANCHKULA, HR"
HR,4," NARAINGARH, HR"
HR,5," KARNAL, HR"
HR,6," PANIPAT, HR"
HR,7," KURUKSHETRA, HR"
HR,8,"  KAITHAL, HR"
HR,9," GUHLA, HR"
HR,10," SONIPAT, HR"
HR,11," GOHANA, HR"
HR,12,"ROHTAK, HR"
HR,13," BAHADURGARH, HR"
HR,14," JHAJJAR, HR"
HR,15," MEHAM, HR"
HR,16," BHIWANI, HR"
HR,17," SIWANI, HR"
HR,18," LOHARU, HR"
HR,19," CHARKHI DADRI, HR"
HR,20," HISAR, HR"
HR,21," HANSI, HR"
HR,22," FETEHABAD, HR"
HR,23," TOHANA, HR"
HR,24," SIRSA, HR"
HR,25," DABWALI, HR"
HR,26," GURGAON, HR"
HR,27," NUH, HR"
HR,28," FEROZEPUR ZIRKHA, HR"
HR,29," BALLABGARH, HR"
HR,30,"  PALWAL, HR"
HR,31," JIND, HR"
HR,32," NARWANA, HR"
HR,33," SAFIDON, HR"
HR,34," MOHINDERGARH, HR"
HR,35," NARNAUL, HR"
HR,36," REWARI, HR"
HR,37,", AMBALA, HR"
HR,38,", FARIDABAD, HR"
HR,39,", HISAR, HR"
HR,40," ASSANDH, HR"
HR,41," PEHOWA, HR"
HR,42," GANAUR, HR"
HR,43," KOSLI, HR"
HR,44," ELLENABAD, HR"
HR,45,",KARNAL, HR"
HR,46,",ROHTAK, HR"
HR,47,",REWARI, HR"
HR,48," TOSHAM, HR"
HR,49," KALKA, HR"
HR,50," HODEL, HR"
HR,51," FARIDABAD, HR"
HR,52," HATHIN, HR"
HR,53,"CANCEL (ADAMPUR), HR"
HR,54," BARARA, HR"
HR,55,",GURGAON, HR"
HR,56,",JIND, HR"
HR,57,",SIRSA, HR"
HR,58,",YAMUNA NAGAR, HR"
HR,59," RATIA, HR"
HR,60," SAMALKHA, HR"
HR,61,",BHIWANI, HR"
HR,62,",FATEHABAD, HR"
HR,63,",JHAJJAR, HR"
HR,64,",KAITHAL, HR"
HR,65,",KURUKSHETRA, HR"
HR,66,",MOHINDERGARH, HR"
HR,67,",PANIPAT, HR"
HR,68,",PANCHKULA, HR"
HR,69,",SONIPAT, HR"
HR,70,"STA,HARYANA(HQ), HR"
HR,71," BILASPUR, HR"
HR,72," GURGAON(SOUTH), HR"
HR,73,",PALWAL, HR"
HR,74,",MEWAT(NUH), HR"
HR,75,"INDIRI, HR"
HR,76,"PATAUDI, HR"
HR,77,"BERI, HR"
HR,78,"SHAHABAD, HR"
HR,79,"KHARKHONDA, HR"
HR,80,"BARWALA, HR"
HR,81," BAWAL, HR"
HR,82,"SDM OFFICE,KANINA, HR"
HR,83," KALAYAT, HR"
HP,3,"SHIMLA-URBAN, HP"
HP,6,"RAMPUR, HP"
HP,8,"CHAUPAL, HP"
HP,9,"THEOG, HP"
HP,10,"ROHRU, HP"
HP,11,"ARKI, HP"
HP,12,"NALAGARH, HP"
HP,13,"KANDAGHAT, HP"
HP,14,"SOLAN, HP"
HP,15,"PARWANOO, HP"
HP,16,"RAJGARH, HP"
HP,17,"PONTA SAHIB, HP"
HP,18,"NAHAN, HP"
HP,19,"AMB, HP"
HP,20,"UNA, HP"
HP,21,"BARSAR, HP"
HP,22,"HAMIRPUR, HP"
HP,23,"GHUMARWIN, HP"
HP,24,"BILASPUR SADAR, HP"
HP,25,"KALPA, HP"
HP,26,"NICHAR (BHABANAGAR), HP"
HP,27,"POOH, HP"
HP,28,"SARKAGHAT, HP"
HP,29,"JOGINDERNAGAR, HP"
HP,30,"KARSOG, HP"
HP,31,"SUNDERNAGAR, HP"
HP,32,"GOHAR, HP"
HP,33,"MANDI SADAR, HP"
HP,34,"KULLU, HP"
HP,35,"ANNI, HP"
HP,36,"DEHRA, HP"
HP,37,"PALAMPUR, HP"
HP,38,"NURPUR, HP"
HP,39,"DHARAMSALA, HP"
HP,40,"KANGRA, HP"
HP,41,"KAZA, HP"
HP,42,"KEYLONG, HP"
HP,43,"UDAIPUR, HP"
HP,44,"CHURAH, HP"
HP,45,"PANGI, HP"
HP,46,"BHARMOUR, HP"
HP,47,"DALHOUSIE, HP"
HP,48,"CHAMBA, HP"
HP,49,"BANJAR, HP"
HP,51,"SHIMLA-RURAL, HP"
HP,53,"BAIJNATH, HP"
HP,54,"JAWALI, HP"
HP,55,"NADUAN, HP"
HP,56,"JAISINGHPUR, HP"
HP,57,"CHOWARI, HP"
HP,58,"MANALI, HP"
HP,62,"STA SHIMLA, HP"
HP,63,"SHIMLA, HP"
HP,64,"SOLAN, HP"
HP,65,"MANDI, HP"
HP,66,"KULLU, HP"
HP,67,"HAMIRPUR, HP"
HP,68,"KANGRA, HP"
HP,69,"BILASPUR, HP"
HP,71,"NAHAN, HP"
HP,72,"UNA, HP"
HP,73,"CHAMBA, HP"
HP,74,"BHORANJ, HP"
HP,76,"PADDHAR, HP"
HP,77,"DODRA KAWAR, HP"
HP,78,"BANGANA, HP"
HP,79,"RLA SANGRAH, HP"
HP,80,"RLA HAROLI, HP"
HP,81,"RLA SALOONI, HP"
HP,82,"RLA MANDI (RURAL), HP"
HP,83,"RLA JAWALAMUKHI, HP"
HP,84,"RLA SUJANPUR, HP"
HP,85,"RLA SHILLAI, HP"
HP,86,"RLA DHARAMPUR, HP"
JK,1,"KASHMIR, JK"
JK,2,"JAMMU, JK"
JK,3,"ANANTNAG, JK"
JK,4,"BUDGAM, JK"
JK,5,"BARAMULLA, JK"
JK,6,"DODA, JK"
JK,7,"KARGIL, JK"
JK,8,"KATHUA, JK"
JK,9,"KUPWARA, JK"
JK,10,"LEH, JK"
JK,11,"RAJOURI, JK"
JK,12,"POONCH, JK"
JK,13,"PULWAMA, JK"
JK,14,"UDHAMPUR, JK"
JK,15,"ABANDIPORA, JK"
JK,16,"AGANDERBAL, JK"
JK,17,"AKISHTWAR, JK"
JK,18,"AKULGAM, JK"
JK,19,"ARAMBAN, JK"
JK,20,"AREASI, JK"
JK,21,"ASAMBA, JK"
JK,22,"ASHOPIAN, JK"
JH,1,"RANCHI, JH"
JH,2,"HAZARIBAG, JH"
JH,3,"DALTONGANJ,PALAMU, JH"
JH,4,"DUMKA, JH"
JH,5,"JAMSHEDPUR, JH"
JH,6,"CHAIBASA, JH"
JH,7,"GUMLA, JH"
JH,8,"LOHARDAGA, JH"
JH,9,"BOKARO, JH"
JH,10,"DHANBAD, JH"
JH,11,"GIRIDIH, JH"
JH,12,"KODERMA, JH"
JH,13,"CHATRA, JH"
JH,14,"GARHWA, JH"
JH,15,"DEOGHAR, JH"
JH,16,"PAKUR, JH"
JH,17,"GODDA, JH"
JH,18,"SAHEBGANJ, JH"
JH,19,"LATEHAR, JH"
JH,20,"SIMDEGA, JH"
JH,21,"JAMTARA, JH"
JH,22,"SARAIKELA-KHARSAWAN, JH"
JH,23,"D.T.O. Khunti, JH"
JH,24,"D.T.O. Ramgarh, JH"
TN,58Z,", THIRUMANGALAM,, TN"
TN,59,"MADURAI  , TN"
TN,59V,", VADIPATTI,, TN"
TN,59W,", MELUR,, TN"
TN,60," PERIYAKULAM, TN"
TN,60Z,", UTHAMAPALAYAM,, TN"
TN,61," ARIYALUR, TN"
TN,63," SIVAGANGAI, TN"
TN,63Z,", KARAIKUDI, TN"
TN,64," MADURAI , TN"
TN,65," RAMANATHAPURAM, TN"
TN,65Z,", PARAMAKUDI,, TN"
TN,66,"COIMBATORE , TN"
TN,67," VIRUDHUNAGAR, TN"
TN,67W,"ARUPPUKOTTAI, TN"
TN,68,"KUMBAKONAM, TN"
TN,69," TUTICORIN, TN"
TN,69Z,", KOVILPATTI,, TN"
TN,70," HOSUR, TN"
TN,72,"TIRUNELVELI, TN"
TN,72V,", VALLIYUR ,, TN"
TN,73," RANIPET, TN"
TN,73Z,", ARAKKONAM,, TN"
TN,74," NAGERCOIL, TN"
TN,75," MARTHANDAM, TN"
TN,76,"TENKASI, TN"
TN,76V,"AMBASAMUDURAM, TN"
TN,77,"ATTUR, TN"
TN,77Z,"VALAPADY, TN"
TN,78,"DHARAPURAM,, TN"
TN,78Z,"UDUMALPET, TN"
TN,79," SANKARANKOIL,, TN"
TN,81," TIRUCHIRAPPALLI, TN"
TN,81Z,"TIRUVERAMBUR, TN"
TN,82," MAYILADUTHURAI,, TN"
TN,82Z,"SIRKALI, TN"
TN,83,"VANIYAMBADI, TN"
TN,83Z,"TIRUPATTUR, TN"
TN,84," SRIVILLIPUTHUR,, TN"
TN,84Z,"SIVAKASI, TN"
TN,85," KUNDRATHUR, TN"
TN,86," ERODE, TN"
TN,88," NAMAKKAL-, TN"
TN,88Z,"PARAMATHIVELLUR, TN"
TN,90," SALEM, TN"
TN,91,"Chidambaram, TN"
TN,91Y,"Neyveli, TN"
TN,91Z,"Neyveli, TN"
TN,92,"Tiruchendur, TN"
TN,99," COIMBATORE, TN"
TS,101," MANCHERIAL, TS"
TS,102," HUZURABAD, TS"
TS,103," JANGOAN, TS"
TS,104," BHADRACHALAM, TS"
TS,105," BHONGIR, TS"
TS,106," GADWAL, TS"
TS,107," MEDCHAL, TS"
TS,108," IBRAHIMPATNAM, TS"
TS,115," SIDDIPET, TS"
TS,116," ARMOOR, TS"
TS,201," ASIFABAD, TS"
TS,202," JAGITYAL, TS"
TS,203," MAHABUBABAD, TS"
TS,204," KOTHAGUDEM, TS"
TS,205," KODAD, TS"
TS,206," KALWAKURTHY, TS"
TS,207," PARGI, TS"
TS,215," ZAHIRABAD, TS"
TS,216," BHODAN, TS"
TS,301," NIRMAL, TS"
TS,302," PEDDAPALLI, TS"
TS,304," SATTUPALLI, TS"
TS,305," MIRYALAGUDA, TS"
TS,306," PEBBAIR, TS"
TS,307," KUKATPALLY, TS"
TS,315," MEDAK, TS"
TS,316," KAMAREDDY, TS"
TS,402," RAMAGUNDAM, TS"
TS,404," WYRA, TS"
TS,405," SURYAPET, TS"
TS,406," SHADNAGAR, TS"
TS,415," PATANCHERUVU, TS"
TS,502," SIRICILLA, TS"
TS,602," KORUTLA, TS"
TR,1,"AGALA, TR"
TR,2," UNAKOTI KAILASHAHAR, TR"
TR,3,"SOUTH TRIPURA, TR"
TR,4,"DHALAI, TR"
TR,5," TRIPURA DHARMANAGAR, TR"
TR,6,"  TELIAMURA, TR"
TR,7,"  BISHRAMGANJ, TR"
TR,8,"  TRIPURA, TR"
TR,A02,"KAILASHAHAR-NORTHTRIPURA, TR"
TR,B02,"DHARMANAGAR-NORTHTRIPURA, TR"
UA,7," DEHRADUN, UA"
UK,1," ALMORA, UK"
UK,2,"BAGESHWAR, UK"
UK,3,"TANAKPUR,CHAMPAWAT, UK"
UK,4," HALDWANI,NAINITAL, UK"
UK,5,"PITHORAGARH, UK"
UK,6,"UDHAMSINGH NAGAR, UK"
UK,8,"HARIDWAR, UK"
UK,9,"TEHRI, UK"
UK,10,"UTTARKASHI, UK"
UK,11,"KARANPRAYAG,CHAMOLI, UK"
UK,12," PAURI, UK"
UK,13,"RUDRAPRAYAG, UK"
UK,14,"RISHIKESH,DEHRADUN, UK"
UK,15,"KOTDWAR,PAURI, UK"
UK,17,"AROORKEE, UK"
KL,66,"SKUTTANADU, KL"
KL,67,"S UZHAVOOR, KL"
KL,68,"S DEVIKULAM, KL"
KL,69,"S UDUMBANCHOLA, KL"
KL,70,"SCHITTUR, KL"
KL,71,"S NILAMBUR, KL"
KL,72,"S MANANTHAVADY, KL"
KL,73,"S SULTHANBATHERY, KL"
LD,1,"KAVARATTI, LD"
MP,4,BHOPAL  MP
MP,5,HOSHANGABAD  MP
MP,6,MORENA  MP
MP,7,GWALIOR  MP
MP,8,GUNA A MP
MP,9,INDORE  MP
MP,10,KHARGONE A MP
MP,11,DHAR A MP
MP,12,KHANDWA A MP
MP,13,UJJAIN  MP
MP,14,MANDSAUR A MP
MP,15,SAGAR  MP
MP,16,CHATTARPUR  A MP
MP,17,REWA  MP
MP,18,SHAHDOL  MP
MP,19,SATNA A MP
MP,20,JABALPUR  MP
MP,21,KATNI A MP
MP,22,SEONI A MP
MP,28,CHHINDWARA A MP
MP,30,BHIND  MP
MP,31,SHEOPUR  MP
MP,32,DATIA  MP
MP,33,SHIVPURI  MP
MP,34,DAMOH  MP
MP,35,PANNA  MP
MP,36,TIKAMGARH  MP
MP,37,SEHORE  MP
MP,38,RAISEN  MP
MP,39,RAJGARH  MP
MP,40,VIDISHA  MP
MP,41,DEWAS  MP
MP,42,SHAJAPUR  MP
MP,43,RATLAM  MP
MP,44,NEEMUCH  MP
MP,45,JHABUA  MP
MP,46,BADWANI  MP
MP,47,HARDA  MP
MP,48,BETUL  MP
MP,49,NARSINGHPUR  MP
MP,50,BALAGHAT  MP
MP,51,MANDLA  MP
MP,52,DINDORI  MP
MP,53,SIDHI  MP
MP,54,UMARIA  MP
MH,1,"MUMBAI CENTRAL, MH"
MH,2,"MUMBAI (WEST, MH"
MH,3,"MUMBAI, MH"
MH,4,"THANE, MH"
MH,5,"KALYAN, MH"
MH,6,"PEN(RAIGAD), MH"
MH,7,"SINDHUDURG, MH"
MH,8,"RATNAGIRI, MH"
MH,9,"KOLHAPUR, MH"
MH,10,"SANGLI, MH"
MH,11,"SATARA, MH"
MH,12,"PUNE, MH"
MH,13,"SOLAPUR, MH"
MH,14,"PIMPRI-CHINCHWAD, MH"
MH,15,"NASHIK, MH"
MH,16,"AHMEDNAGAR, MH"
MH,17,"SHRIRAMPUR, MH"
MH,18,"DHULE, MH"
MH,19,"JALGAON, MH"
MH,20,"AURANGABAD, MH"
MH,21,"JALNA, MH"
MH,22,"PARBHANI, MH"
MH,23,"BEED, MH"
MH,24,"LATUR, MH"
MH,25,"OSMANABAD, MH"
MH,26,"NANDED, MH"
MH,27,"AMRAVATI, MH"
MH,28,"BULDHANA, MH"
MH,29,"YAWATMAL, MH"
MH,30,"AKOLA, MH"
MH,31,"NAGPUR (URBAN), MH"
MH,32," WARDHA, MH"
MH,33," GADCHIROLI, MH"
MH,34," CHANDRAPUR, MH"
MH,35," GONDIA, MH"
MH,36," BHANDARA, MH"
MH,37," VASHIM, MH"
MH,38," HINGOLI, MH"
MH,39," NANDURBAR, MH"
MH,40,"NAGPUR (RURAL), MH"
MH,41,"MALEGAON, MH"
MH,42,"BARAMATI, MH"
MH,43,"VASHI, MH"
MH,44,"AMBEJOGAI, MH"
MH,45,"AKLUJ, MH"
MH,46," PANVEL, MH"
MH,47,"BORIVALI, MH"
MH,48," VASAI-VIRAR, MH"
MH,49," NAGPUR, MH"
MH,50," KARAD, MH"
MN,1," IMPHAL, MN"
MN,2," CHURACHANDPUR, MN"
MN,3," KANGPOKPI, MN"
MN,4," THOUBAL, MN"
MN,5," BISHNUPUR, MN"
MN,6," IMPHAL, MN"
MN,7,"Ukhrul, MN"
MN,8,"Senapati, MN"
ML,4,"JOWAI, ML"
ML,5,"SHILLONG, ML"
ML,6,"NONGSTOIN, ML"
ML,7,"WILLIAMANAGAR, ML"
ML,8,"TURA, ML"
ML,9,"BAGHMARA, ML"
ML,10,"NONGPOH, ML"
ML,11,"DTO KHLIEHRIAT, ML"
ML,12,"DTO MAWKYRWAT, ML"
ML,13,"DTO RESUBELPARA, ML"
ML,14,"DTO AMPATI, ML"
MZ,1,"AIZAWL, MZ"
MZ,2,"LUNGLEI, MZ"
MZ,3,"SAIHA, MZ"
MZ,4,"CHAMPHAI, MZ"
MZ,5,"KOLASIB, MZ"
MZ,6,"SERCHHIP, MZ"
MZ,7,"LAWNGTLAI, MZ"
MZ,8,"MAMIT, MZ"
NL,1," KOHIMA, NL"
NL,2," MOKOKCHUNG, NL"
NL,3," TUENSANG, NL"
NL,4," MON, NL"
NL,5," WOKHA, NL"
NL,6," ZUNHEBOTO, NL"
NL,7," DIMAPUR, NL"
NL,8," PHEK, NL"
UP,11,"SAHARANPUR, UP"
UP,12,"MUZAFFARNAGAR, UP"
UP,13," BULANDSHAHAR, UP"
UP,14," GHAZIABAD, UP"
UP,15," MEERUT, UP"
UP,16," GAUTAMBUDHNAGAR, UP"
UP,17," BAGHPAT, UP"
UP,19,"SHAMLI, UP"
UP,20," BIJNOR, UP"
UP,21," MORADABAD, UP"
UP,22," RAMPUR, UP"
UP,23," JYOTIBAPHULE NAGAR, UP"
UP,24," BADAUN, UP"
UP,25," BAREILLY, UP"
UP,26," PILIBHIT, UP"
UP,27," SHAHJAHANPUR, UP"
UP,30," HARDOI, UP"
UP,31," LAKHIMPUR KHIRI, UP"
UP,32," LUCKNOW, UP"
UP,32A,"A MAHANAGAR LUCKNOW, UP"
UP,33," RAEBARELI, UP"
UP,34," SITAPUR, UP"
UP,35," UNNAO, UP"
UP,36,"AMETHI, UP"
UP,37,"HAPUR, UP"
UP,38,"SAMBHAL, UP"
UP,40," BAHRAICH, UP"
UP,41," BARABANKI, UP"
UP,42," FAIZABAD, UP"
UP,43," GONDA, UP"
UP,44," SULTANPUR, UP"
UP,45," AMBEDKAR NAGAR, UP"
UP,46," SHRAVASTI, UP"
UP,47," BALRAMPUR, UP"
UP,50," AZAMGARH, UP"
UP,51," BASTI, UP"
UP,52," DEORIA, UP"
UP,53," GORAKHPUR, UP"
UP,54," MAU, UP"
UP,55," SIDDHARTHNAGAR, UP"
UP,56," MAHRAJGANJ, UP"
UP,57," PADRAUNA (KRUSHI NAGAR), UP"
UP,58," SANT KABIR NAGAR, UP"
UP,60," BALLIA, UP"
UP,61," GHAZIPUR, UP"
UP,62," JAUNPUR, UP"
UP,63," MIRZAPUR, UP"
UP,64," SONBHADRA, UP"
UP,65," VARANASI, UP"
UP,65A,"VARANASI, UP"
UP,66," BHADOHI, UP"
UP,67," CHANDAULI, UP"
UP,70," ALLAHABAD, UP"
UP,71," FATEHPUR, UP"
UP,72," PRATAPGARH, UP"
UP,73," KAUSHAMBI, UP"
UP,74," KANNAUJ, UP"
UP,75," ETAWAH, UP"
UP,76," FARRUKHABAD, UP"
UP,77," KANPUR DEHAT, UP"
UP,78," KANPUR NAGAR, UP"
UP,79," AURAIYA, UP"
UP,80," AGRA, UP"
UP,81," ALIGARH, UP"
UP,82," ETAH, UP"
UP,83," FIROZABAD, UP"
UP,84," MAINPURI, UP"
UP,85," MATHURA, UP"
UP,86," HATHRASH, UP"
UP,87," KANSHIRAM NAGAR, UP"
UP,90," BANDA, UP"
UP,91," HAMIRPUR, UP"
UP,92," JALAUN, UP"
UP,93," JHANSI, UP"
UP,94," LALITPUR, UP"
UP,95," MAHOBA, UP"
UP,96," CHITRAKOOT DHAM, UP"
WB,1,"PUBLIC VEHICLES DEPARTMENT, WB"
WB,5,"PUBLIC VEHICLES DEPARTMENT, KASBA UNIT, WB"
WB,7,"PUBLIC VEHICLES DEPARTMENT, SALT LAKE UNIT, WB"
WB,9,"PUBLIC VEHICLES DEPARTMENT, BEHALA UNIT, WB"
WB,11,"HOWRAH, WB"
WB,13,"AULUBERIA, WB"
WB,15,"HOOGHLY, WB"
WB,17,"ASERAMPORE, WB"
WB,19,"ALIPUR, WB"
WB,21,"ABASIRHAT, WB"
WB,23," BARRACKPORE, WB"
WB,25,"BARASAT, WB"
WB,27,"ABONGAON, WB"
WB,29,"TAMLUK, WB"
WB,31,"CONTAI, WB"
WB,33,"MEDINIPUR, WB"
WB,35,"AKHRAGPUR, WB"
WB,37,"ASANSOLE, WB"
WB,39,"DURGAPUR, WB"
WB,41,"BURDWAN, WB"
WB,43,"AKALNA, WB"
WB,45,"ARAMPURHAT, WB"
WB,47,"ABOLPUR, WB"
WB,49,"AJHARGRAM, WB"
WB,51,"NADIA, WB"
WB,53,"BIRBHUM, WB"
WB,55,"PURULIA, WB"
WB,57,"MURSHIDABAD, WB"
WB,59,"RAIGUNJ, WB"
WB,61,"BALUGHAT, WB"
WB,63,"COOCH BEHAR, WB"
WB,65,"MALDA, WB"
WB,67,"BANKURA, WB"
WB,69,"ALIPURDUAR, WB"
WB,71,"JALPAIGURI, WB"
WB,73,"SILIGURI, WB"
WB,77,"DARJEELING, WB"
WB,81,"ARAGHUNATHPUR, WB"
WB,83,"ACHANCHAL, WB"
WB,85,"AMATHABHANGA, WB"
WB,87,"ABISHNUPUR, WB"
WB,89,"AKALYANI, WB"
WB,91,"AISLAMPUR, WB"
WB,93,"AJANGIPUR, WB"
WB,95,"ABARUIPUR, WB"
WB,97,"ADIAMOND HARBOUR, WB"
